endpoint,run,seconds,ok,status
/health,1,0.0706,True,200
/health,2,0.2015,True,200
/health,3,0.0654,True,200
/health,4,0.0722,True,200
/health,5,0.0728,True,200
/health,6,0.0742,True,200
/health,7,0.0751,True,200
/health,8,0.0749,True,200
/health,9,0.0652,True,200
/health,10,0.0735,True,200
/health,11,0.073,True,200
/health,12,0.0636,True,200
/health,13,0.0695,True,200
/health,14,0.0662,True,200
/health,15,0.0701,True,200
/health,16,0.073,True,200
/health,17,0.0733,True,200
/health,18,0.0788,True,200
/health,19,0.0671,True,200
/health,20,0.0777,True,200
/health,21,0.0758,True,200
/health,22,0.0669,True,200
/health,23,0.0753,True,200
/health,24,0.0802,True,200
/health,25,0.068,True,200
/health,26,0.0649,True,200
/health,27,0.0754,True,200
/health,28,0.065,True,200
/health,29,0.0659,True,200
/health,30,0.0868,True,200
/suggest-metadata,1,1.8335,True,200
/suggest-metadata,2,1.6742,True,200
/suggest-metadata,3,1.7704,True,200
/suggest-metadata,4,1.8561,True,200
/suggest-metadata,5,1.8572,True,200
/suggest-metadata,6,1.8079,True,200
/suggest-metadata,7,1.7074,True,200
/suggest-metadata,8,1.6164,True,200
/suggest-metadata,9,1.7579,True,200
/suggest-metadata,10,1.8896,True,200
/suggest-metadata,11,1.8048,True,200
/suggest-metadata,12,1.6031,True,200
/suggest-metadata,13,1.6054,True,200
/suggest-metadata,14,1.7249,True,200
/suggest-metadata,15,1.7796,True,200
/suggest-metadata,16,1.695,True,200
/suggest-metadata,17,1.8176,True,200
/suggest-metadata,18,1.7215,True,200
/suggest-metadata,19,1.7362,True,200
/suggest-metadata,20,1.8624,True,200
/suggest-metadata,21,1.8031,True,200
/suggest-metadata,22,1.7491,True,200
/suggest-metadata,23,1.8,True,200
/suggest-metadata,24,1.9627,True,200
/suggest-metadata,25,1.7844,True,200
/suggest-metadata,26,1.6498,True,200
/suggest-metadata,27,1.6278,True,200
/suggest-metadata,28,1.7035,True,200
/suggest-metadata,29,1.6746,True,200
/suggest-metadata,30,1.7013,True,200
/similarity-check,1,4.3085,True,200
/similarity-check,2,3.9766,True,200
/similarity-check,3,3.8943,True,200
/similarity-check,4,3.8056,True,200
/similarity-check,5,3.7275,True,200
/similarity-check,6,4.099,True,200
/similarity-check,7,4.3446,True,200
/similarity-check,8,3.7507,True,200
/similarity-check,9,4.1788,True,200
/similarity-check,10,4.55,True,200
/similarity-check,11,4.2592,True,200
/similarity-check,12,3.9465,True,200
/similarity-check,13,4.502,True,200
/similarity-check,14,4.0743,True,200
/similarity-check,15,3.7921,True,200
/similarity-check,16,4.6009,True,200
/similarity-check,17,4.2404,True,200
/similarity-check,18,3.7725,True,200
/similarity-check,19,4.0372,True,200
/similarity-check,20,3.9294,True,200
/similarity-check,21,3.8882,True,200
/similarity-check,22,4.0219,True,200
/similarity-check,23,4.0119,True,200
/similarity-check,24,4.1675,True,200
/similarity-check,25,3.9401,True,200
/similarity-check,26,3.7562,True,200
/similarity-check,27,4.5107,True,200
/similarity-check,28,4.2404,True,200
/similarity-check,29,4.0748,True,200
/similarity-check,30,3.9929,True,200
